<?xml version="1.0"?>
<doc>
  <assembly>
    <name>ExceptionHandlingSoapExtension</name>
    <version>1.0.1983.22644</version>
    <fullname>ExceptionHandlingSoapExtension, Version=1.0.1983.22644, Culture=neutral, PublicKeyToken=null</fullname>
  </assembly>
  <members>
    <member name="T:ExceptionHandlingSoapExtension.ExceptionHandlingSoapExtension">
      <summary>
 SOAP extension to transfer full exception information from 
 server to client in the event of an exception being thrown 
 from a webmethod 
 </summary>
 <remarks>
 In the event of an exception being thrown during the execution 
 of a webmethod on the server, this class steps in and writes detailed 
 exception information to the output stream. 
 
 Client side, if an exception is detected on the response from a 
 webmethod call, this class retrieves the detailed exception 
 information from the input stream and throws an exception 
 containing the detailed information 
 </remarks></member>
    <member name="M:ExceptionHandlingSoapExtension.ExceptionHandlingSoapExtension.StreamCopy(System.IO.Stream,System.IO.Stream)">
      <summary>
 Copies the contents of one stream to another 
 </summary>
 <param name="source">Source stream</param>
 <param name="dest">Destination stream</param></member>
    <member name="M:ExceptionHandlingSoapExtension.ExceptionHandlingSoapExtension.InsertExceptionDetails(System.Exception)">
      <summary>
 Insert details of the specified exception into the output stream 
 </summary>
 <param name="ex">Exception to write details for</param></member>
    <member name="M:ExceptionHandlingSoapExtension.ExceptionHandlingSoapExtension.GetExceptionDetails">
      <summary>
 Reads extra exception information from stream and 
 returns it as a string 
 </summary>
 <returns>Details of any exception detail found in the input stream</returns></member>
  </members>
</doc>