﻿<?xml version="1.0" encoding="utf-8"?>
<!--
INPUT/OUTPUT APPROXIMATION DATA (IN BALANCE DEMO APPLICATION):
-->
<approximation xmlns="abstract://SoftwareCorporation/ProgDemoSamples/DotNET/Balance/Approximation.xsd">
   <inputData epsilon="0.001">
      <compoundContainers>
         <components> 94.13   47.20   15.4    19.87    0.00</components>
         <components>336.57  784.34   54.27  348.10  784.02</components>
         <components> 11.05   13.57  110.54   80.15    9.71</components>
         <components>347.12  678.12    0.00   57.21   32.12</components>
         <components> 11.20   22.45    6.97   15.40   17.02</components>
         <components> 55.32  572.84   51.03  570.44   99.25</components>
         <components>957.41   84.07   67.80   37.34   25.11</components>
         <components> 51.35    5.43    2.45   94.22   88.32</components>
         <components> 15.32   35.02   75.35   67.21   18.38</components>
         <components>  1.07   45.57   57.22    0.00   75.08</components>
      </compoundContainers>
      <targetSummaries>451.32 1245.37 1050.67 3095.12 1197.84</targetSummaries>
   </inputDat>
</approximation>