﻿<?xml version="1.0" encoding="utf-8"?>
<!--
INPUT/OUTPUT APPROXIMATION DATA (IN BALANCE DEMO APPLICATION):
-->
<approximation xmlns="abstract://SoftwareCorporation/ProgDemoSamples/DotNET/Balance/Approximation.xsd">
   <inputData epsilon="0.025">
      <compoundContainers>
         <components>194.13   47.20   15.4    19.87    0.00    4.12   15.4 </components>
         <components>336.57  784.34   54.27  348.10  784.02   93.08   54.27</components>
         <components> 11.05   13.57  110.54   80.15    9.71   71.30  110.54</components>
         <components>347.12  678.12    0.00   57.21   32.12    1.20    0.00</components>
         <components> 11.20  322.45    6.97   15.40   17.02    0.00    6.97</components>
         <components> 55.32  572.84   51.03  570.44   99.25   94.25   51.03</components>
         <components>957.41   84.07   67.80   37.34   25.11    8.10   67.80</components>
         <components>251.35    5.43    2.45   94.22   88.32   16.21    2.45</components>
         <components> 15.32   35.02   75.35   67.21   18.38   64.32   75.35</components>
         <components>  1.07   45.57   57.22    0.00   75.08    9.84   57.22</components>
         <components> 43.62   94.32    5.75   84.29    8.78   22.21    5.75</components>
      </compoundContainers>
      <targetSummaries>2551.32 1545.37 1150.67 2095.12 1497.84 5574.76 3542.84</targetSummaries>
   </inputData>
</approximation>